{"uid":"4b4757e66a1912dae1a509f688f20b0f","name":"categories","children":[{"name":"Test defects","children":[{"name":"Expected condition failed: waiting for visibility of Proxy element for: DefaultElementLocator 'By.cssSelector: div p' (tried for 5 second(s) with 500 milliseconds interval)","children":[{"name":"verifyBasicAuthenticationVerify","uid":"b79e5a8eb0d84d70","parentUid":"8b90b21e3b450d9aa0b517598d90e2e2","status":"broken","time":{"start":1732086352532,"stop":1732086415453,"duration":62921},"flaky":false,"newFailed":false,"newPassed":false,"newBroken":false,"retriesCount":0,"retriesStatusChange":false,"parameters":["chrome","admin","admin"],"tags":[]}],"uid":"8b90b21e3b450d9aa0b517598d90e2e2"},{"name":"Expected condition failed: waiting for visibility of all [] (tried for 5 second(s) with 500 milliseconds interval)\nBuild info: version: '4.25.0', revision: '8a8aea2337'\nSystem info: os.name: 'Windows 10', os.arch: 'amd64', os.version: '10.0', java.version: '17.0.11'\nDriver info: org.openqa.selenium.chrome.ChromeDriver\nCapabilities {acceptInsecureCerts: false, browserName: chrome, browserVersion: 131.0.6778.70, chrome: {chromedriverVersion: 131.0.6778.85 (3d81e41b6f3a..., userDataDir: C:\\Users\\AYYAPP~1.DC\\AppDat...}, fedcm:accounts: true, goog:chromeOptions: {debuggerAddress: localhost:64086}, networkConnectionEnabled: false, pageLoadStrategy: normal, platformName: windows, proxy: Proxy(), se:cdp: ws://localhost:64086/devtoo..., se:cdpVersion: 131.0.6778.70, setWindowRect: true, strictFileInteractability: false, timeouts: {implicit: 0, pageLoad: 300000, script: 30000}, unhandledPromptBehavior: dismiss and notify, webauthn:extension:credBlob: true, webauthn:extension:largeBlob: true, webauthn:extension:minPinLength: true, webauthn:extension:prf: true, webauthn:virtualAuthenticators: true}\nSession ID: 7a55933ce33e3380bccd55b2ff911b48","children":[{"name":"verifySecureFileDownload","uid":"894e71c3161f7c5b","parentUid":"7cf92a81717b9585b5ab71f0f63fa599","status":"broken","time":{"start":1732086442316,"stop":1732086532946,"duration":90630},"flaky":false,"newFailed":false,"newPassed":false,"newBroken":false,"retriesCount":0,"retriesStatusChange":false,"parameters":["chrome","admin","admin"],"tags":[]}],"uid":"7cf92a81717b9585b5ab71f0f63fa599"},{"name":"Expected condition failed: waiting for visibility of [[ChromeDriver: chrome on windows (35399d703cf6c8b2d15549662628cadd)] -> xpath: //div[@class='modal-title']] (tried for 5 second(s) with 500 milliseconds interval)\nBuild info: version: '4.25.0', revision: '8a8aea2337'\nSystem info: os.name: 'Windows 10', os.arch: 'amd64', os.version: '10.0', java.version: '17.0.11'\nDriver info: org.openqa.selenium.chrome.ChromeDriver\nCapabilities {acceptInsecureCerts: false, browserName: chrome, browserVersion: 131.0.6778.70, chrome: {chromedriverVersion: 131.0.6778.85 (3d81e41b6f3a..., userDataDir: C:\\Users\\AYYAPP~1.DC\\AppDat...}, fedcm:accounts: true, goog:chromeOptions: {debuggerAddress: localhost:64282}, networkConnectionEnabled: false, pageLoadStrategy: normal, platformName: windows, proxy: Proxy(), se:cdp: ws://localhost:64282/devtoo..., se:cdpVersion: 131.0.6778.70, setWindowRect: true, strictFileInteractability: false, timeouts: {implicit: 0, pageLoad: 300000, script: 30000}, unhandledPromptBehavior: dismiss and notify, webauthn:extension:credBlob: true, webauthn:extension:largeBlob: true, webauthn:extension:minPinLength: true, webauthn:extension:prf: true, webauthn:virtualAuthenticators: true}\nSession ID: 35399d703cf6c8b2d15549662628cadd","children":[{"name":"verifyExitIntent","uid":"506b988928652350","parentUid":"4c10b0c504e7d7b39709bfbd3e62f9bd","status":"broken","time":{"start":1732086503592,"stop":1732086509610,"duration":6018},"flaky":false,"newFailed":false,"newPassed":false,"newBroken":false,"retriesCount":0,"retriesStatusChange":false,"parameters":["chrome","admin","admin"],"tags":[]}],"uid":"4c10b0c504e7d7b39709bfbd3e62f9bd"},{"name":"Expected condition failed: waiting for visibility of Proxy element for: DefaultElementLocator 'By.cssSelector: #uploaded-files' (tried for 5 second(s) with 500 milliseconds interval)","children":[{"name":"verifyFileDownload","uid":"c46b5430bcdae178","parentUid":"ddc888efda459cd3b266a106f90bcc40","status":"broken","time":{"start":1732086514949,"stop":1732086581169,"duration":66220},"flaky":false,"newFailed":false,"newPassed":false,"newBroken":false,"retriesCount":0,"retriesStatusChange":false,"parameters":["chrome","admin","admin"],"tags":[]}],"uid":"ddc888efda459cd3b266a106f90bcc40"},{"name":"no protocol: java.util.stream.ReferencePipeline$2@7871f4b9","children":[{"name":"verifySlowResources","uid":"7d01a2f542e2f80","parentUid":"4bcb7f5d1a462c6d6769a6875f4e1004","status":"broken","time":{"start":1732086553089,"stop":1732086553599,"duration":510},"flaky":false,"newFailed":false,"newPassed":false,"newBroken":false,"retriesCount":0,"retriesStatusChange":false,"parameters":["chrome","admin","admin"],"tags":[]}],"uid":"4bcb7f5d1a462c6d6769a6875f4e1004"}],"uid":"bdbf199525818fae7a8651db9eafe741"}]}