{"uid":"83edc06c07f9ae9e47eb6dd1b683e4e2","name":"packages","children":[{"name":"testCases","children":[{"name":"FirstTest","children":[{"name":"verifyAddDeleteElementFunctionalities","uid":"b9c510f4434dc786","parentUid":"62a48cdd6684b5d864b9593ae37e911f","status":"passed","time":{"start":1732086318326,"stop":1732086349487,"duration":31161},"flaky":false,"newFailed":false,"newPassed":false,"newBroken":false,"retriesCount":0,"retriesStatusChange":false,"parameters":["chrome","admin","admin"],"tags":[]},{"name":"verifyBasicAuthenticationVerify","uid":"b79e5a8eb0d84d70","parentUid":"62a48cdd6684b5d864b9593ae37e911f","status":"broken","time":{"start":1732086352532,"stop":1732086415453,"duration":62921},"flaky":false,"newFailed":false,"newPassed":false,"newBroken":false,"retriesCount":0,"retriesStatusChange":false,"parameters":["chrome","admin","admin"],"tags":[]},{"name":"verifyBrokenImages","uid":"ab45e35e634335f5","parentUid":"62a48cdd6684b5d864b9593ae37e911f","status":"passed","time":{"start":1732086421598,"stop":1732086425137,"duration":3539},"flaky":false,"newFailed":false,"newPassed":false,"newBroken":false,"retriesCount":0,"retriesStatusChange":false,"parameters":["chrome","admin","admin"],"tags":[]},{"name":"verifyChallengingDom","uid":"e2ec3d4973ba6d95","parentUid":"62a48cdd6684b5d864b9593ae37e911f","status":"passed","time":{"start":1732086430281,"stop":1732086431624,"duration":1343},"flaky":false,"newFailed":false,"newPassed":false,"newBroken":false,"retriesCount":0,"retriesStatusChange":false,"parameters":["chrome","admin","admin"],"tags":[]},{"name":"verifyCheckBoxes","uid":"4846d00af7c15b4","parentUid":"62a48cdd6684b5d864b9593ae37e911f","status":"passed","time":{"start":1732086437102,"stop":1732086437885,"duration":783},"flaky":false,"newFailed":false,"newPassed":false,"newBroken":false,"retriesCount":0,"retriesStatusChange":false,"parameters":["chrome","admin","admin"],"tags":[]},{"name":"verifyContextMenu","uid":"135a4fa087b6254","parentUid":"62a48cdd6684b5d864b9593ae37e911f","status":"passed","time":{"start":1732086443870,"stop":1732086444736,"duration":866},"flaky":false,"newFailed":false,"newPassed":false,"newBroken":false,"retriesCount":0,"retriesStatusChange":false,"parameters":["chrome","admin","admin"],"tags":[]},{"name":"verifyDisappearingElements","uid":"c22d306c1ef27f0a","parentUid":"62a48cdd6684b5d864b9593ae37e911f","status":"passed","time":{"start":1732086449785,"stop":1732086451074,"duration":1289},"flaky":false,"newFailed":false,"newPassed":false,"newBroken":false,"retriesCount":0,"retriesStatusChange":false,"parameters":["chrome","admin","admin"],"tags":[]},{"name":"verifyDragAndDrop","uid":"a12eae8d1dbffe17","parentUid":"62a48cdd6684b5d864b9593ae37e911f","status":"passed","time":{"start":1732086458434,"stop":1732086459314,"duration":880},"flaky":false,"newFailed":false,"newPassed":false,"newBroken":false,"retriesCount":0,"retriesStatusChange":false,"parameters":["chrome","admin","admin"],"tags":[]},{"name":"verifyDropdown","uid":"cfb4b19c08d7b021","parentUid":"62a48cdd6684b5d864b9593ae37e911f","status":"passed","time":{"start":1732086464211,"stop":1732086465231,"duration":1020},"flaky":false,"newFailed":false,"newPassed":false,"newBroken":false,"retriesCount":0,"retriesStatusChange":false,"parameters":["chrome","admin","admin"],"tags":[]},{"name":"verifyDynamicContent","uid":"a1f015363ba28cca","parentUid":"62a48cdd6684b5d864b9593ae37e911f","status":"passed","time":{"start":1732086470509,"stop":1732086472554,"duration":2045},"flaky":false,"newFailed":false,"newPassed":false,"newBroken":false,"retriesCount":0,"retriesStatusChange":false,"parameters":["chrome","admin","admin"],"tags":[]},{"name":"verifyDynamicControlsButton","uid":"bbc83da0171e302a","parentUid":"62a48cdd6684b5d864b9593ae37e911f","status":"passed","time":{"start":1732086477818,"stop":1732086492417,"duration":14599},"flaky":false,"newFailed":false,"newPassed":false,"newBroken":false,"retriesCount":0,"retriesStatusChange":false,"parameters":["chrome","admin","admin"],"tags":[]},{"name":"verifyEntryAd","uid":"d9caae8556bfe825","parentUid":"62a48cdd6684b5d864b9593ae37e911f","status":"passed","time":{"start":1732086497348,"stop":1732086498673,"duration":1325},"flaky":false,"newFailed":false,"newPassed":false,"newBroken":false,"retriesCount":0,"retriesStatusChange":false,"parameters":["chrome","admin","admin"],"tags":[]},{"name":"verifyExitIntent","uid":"506b988928652350","parentUid":"62a48cdd6684b5d864b9593ae37e911f","status":"broken","time":{"start":1732086503592,"stop":1732086509610,"duration":6018},"flaky":false,"newFailed":false,"newPassed":false,"newBroken":false,"retriesCount":0,"retriesStatusChange":false,"parameters":["chrome","admin","admin"],"tags":[]},{"name":"verifyFileDownload","uid":"c46b5430bcdae178","parentUid":"62a48cdd6684b5d864b9593ae37e911f","status":"broken","time":{"start":1732086514949,"stop":1732086581169,"duration":66220},"flaky":false,"newFailed":false,"newPassed":false,"newBroken":false,"retriesCount":0,"retriesStatusChange":false,"parameters":["chrome","admin","admin"],"tags":[]},{"name":"verifyFileUpload","uid":"5f723a55f243ab8c","parentUid":"62a48cdd6684b5d864b9593ae37e911f","status":"passed","time":{"start":1732086586545,"stop":1732086589289,"duration":2744},"flaky":false,"newFailed":false,"newPassed":false,"newBroken":false,"retriesCount":0,"retriesStatusChange":false,"parameters":["chrome","admin","admin"],"tags":[]},{"name":"verifyFloatingMenu","uid":"c0b726a307c8085b","parentUid":"62a48cdd6684b5d864b9593ae37e911f","status":"passed","time":{"start":1732086593972,"stop":1732086595429,"duration":1457},"flaky":false,"newFailed":false,"newPassed":false,"newBroken":false,"retriesCount":0,"retriesStatusChange":false,"parameters":["chrome","admin","admin"],"tags":[]},{"name":"verifyForgotPassword","uid":"34d8ee2f2a14e6c","parentUid":"62a48cdd6684b5d864b9593ae37e911f","status":"passed","time":{"start":1732086600134,"stop":1732086601489,"duration":1355},"flaky":false,"newFailed":false,"newPassed":false,"newBroken":false,"retriesCount":0,"retriesStatusChange":false,"parameters":["chrome","admin","admin"],"tags":[]},{"name":"verifyFormAuthentication","uid":"e0cbd2df4ff1fcf3","parentUid":"62a48cdd6684b5d864b9593ae37e911f","status":"passed","time":{"start":1732086606228,"stop":1732086608296,"duration":2068},"flaky":false,"newFailed":false,"newPassed":false,"newBroken":false,"retriesCount":0,"retriesStatusChange":false,"parameters":["chrome","admin","admin"],"tags":[]},{"name":"verifyFrames","uid":"9e3d5486652a380e","parentUid":"62a48cdd6684b5d864b9593ae37e911f","status":"passed","time":{"start":1732086612978,"stop":1732086619028,"duration":6050},"flaky":false,"newFailed":false,"newPassed":false,"newBroken":false,"retriesCount":0,"retriesStatusChange":false,"parameters":["chrome","admin","admin"],"tags":[]}],"uid":"62a48cdd6684b5d864b9593ae37e911f"},{"name":"SecondTest","children":[{"name":"verifyGeoLocation","uid":"85cdd4152727eb0a","parentUid":"db415783df655511e77d4d50b15181d8","status":"passed","time":{"start":1732086319761,"stop":1732086321042,"duration":1281},"flaky":false,"newFailed":false,"newPassed":false,"newBroken":false,"retriesCount":0,"retriesStatusChange":false,"parameters":["chrome","admin","admin"],"tags":[]},{"name":"verifyHorizontalSlider","uid":"d4411f11c3e74935","parentUid":"db415783df655511e77d4d50b15181d8","status":"passed","time":{"start":1732086327814,"stop":1732086328782,"duration":968},"flaky":false,"newFailed":false,"newPassed":false,"newBroken":false,"retriesCount":0,"retriesStatusChange":false,"parameters":["chrome","admin","admin"],"tags":[]},{"name":"verifyHover","uid":"94e4b5917eadb815","parentUid":"db415783df655511e77d4d50b15181d8","status":"passed","time":{"start":1732086336328,"stop":1732086337812,"duration":1484},"flaky":false,"newFailed":false,"newPassed":false,"newBroken":false,"retriesCount":0,"retriesStatusChange":false,"parameters":["chrome","admin","admin"],"tags":[]},{"name":"verifyInfiniteScroll","uid":"aa2c2c21656d4db6","parentUid":"db415783df655511e77d4d50b15181d8","status":"passed","time":{"start":1732086343638,"stop":1732086359475,"duration":15837},"flaky":false,"newFailed":false,"newPassed":false,"newBroken":false,"retriesCount":0,"retriesStatusChange":false,"parameters":["chrome","admin","admin"],"tags":[]},{"name":"verifyInputs","uid":"e18486c9a58d733d","parentUid":"db415783df655511e77d4d50b15181d8","status":"passed","time":{"start":1732086365420,"stop":1732086366416,"duration":996},"flaky":false,"newFailed":false,"newPassed":false,"newBroken":false,"retriesCount":0,"retriesStatusChange":false,"parameters":["chrome","admin","admin"],"tags":[]},{"name":"verifyJQueryMenus","uid":"22cc2de9c9ea09d0","parentUid":"db415783df655511e77d4d50b15181d8","status":"passed","time":{"start":1732086372288,"stop":1732086377404,"duration":5116},"flaky":false,"newFailed":false,"newPassed":false,"newBroken":false,"retriesCount":0,"retriesStatusChange":false,"parameters":["chrome","admin","admin"],"tags":[]},{"name":"verifyJavaScriptAlerts","uid":"9a0623845f01d6f9","parentUid":"db415783df655511e77d4d50b15181d8","status":"passed","time":{"start":1732086387564,"stop":1732086389574,"duration":2010},"flaky":false,"newFailed":false,"newPassed":false,"newBroken":false,"retriesCount":0,"retriesStatusChange":false,"parameters":["chrome","admin","admin"],"tags":[]},{"name":"verifyJavaScriptOnloadEventError","uid":"78d7e6acb1de84ab","parentUid":"db415783df655511e77d4d50b15181d8","status":"passed","time":{"start":1732086395262,"stop":1732086396078,"duration":816},"flaky":false,"newFailed":false,"newPassed":false,"newBroken":false,"retriesCount":0,"retriesStatusChange":false,"parameters":["chrome","admin","admin"],"tags":[]},{"name":"verifyKeyPresses","uid":"268f540d2424fa39","parentUid":"db415783df655511e77d4d50b15181d8","status":"passed","time":{"start":1732086401348,"stop":1732086401996,"duration":648},"flaky":false,"newFailed":false,"newPassed":false,"newBroken":false,"retriesCount":0,"retriesStatusChange":false,"parameters":["chrome","admin","admin"],"tags":[]},{"name":"verifyLargeAndDeepDom","uid":"dfb42686c1e1f6b8","parentUid":"db415783df655511e77d4d50b15181d8","status":"passed","time":{"start":1732086407128,"stop":1732086407886,"duration":758},"flaky":false,"newFailed":false,"newPassed":false,"newBroken":false,"retriesCount":0,"retriesStatusChange":false,"parameters":["chrome","admin","admin"],"tags":[]},{"name":"verifyMultipleWindows","uid":"e2a5965490e97c18","parentUid":"db415783df655511e77d4d50b15181d8","status":"passed","time":{"start":1732086412761,"stop":1732086413801,"duration":1040},"flaky":false,"newFailed":false,"newPassed":false,"newBroken":false,"retriesCount":0,"retriesStatusChange":false,"parameters":["chrome","admin","admin"],"tags":[]},{"name":"verifyNestedFrames","uid":"8e1299153b473c7f","parentUid":"db415783df655511e77d4d50b15181d8","status":"passed","time":{"start":1732086416772,"stop":1732086420083,"duration":3311},"flaky":false,"newFailed":false,"newPassed":false,"newBroken":false,"retriesCount":0,"retriesStatusChange":false,"parameters":["chrome","admin","admin"],"tags":[]},{"name":"verifyNotificationMessage","uid":"13d5cae23e89050c","parentUid":"db415783df655511e77d4d50b15181d8","status":"passed","time":{"start":1732086423846,"stop":1732086430658,"duration":6812},"flaky":false,"newFailed":false,"newPassed":false,"newBroken":false,"retriesCount":0,"retriesStatusChange":false,"parameters":["chrome","admin","admin"],"tags":[]},{"name":"verifyRedirectLink","uid":"bf4b2e8ba1d461b8","parentUid":"db415783df655511e77d4d50b15181d8","status":"passed","time":{"start":1732086433964,"stop":1732086437219,"duration":3255},"flaky":false,"newFailed":false,"newPassed":false,"newBroken":false,"retriesCount":0,"retriesStatusChange":false,"parameters":["chrome","admin","admin"],"tags":[]},{"name":"verifySecureFileDownload","uid":"894e71c3161f7c5b","parentUid":"db415783df655511e77d4d50b15181d8","status":"broken","time":{"start":1732086442316,"stop":1732086532946,"duration":90630},"flaky":false,"newFailed":false,"newPassed":false,"newBroken":false,"retriesCount":0,"retriesStatusChange":false,"parameters":["chrome","admin","admin"],"tags":[]},{"name":"verifyShadowDom","uid":"b32a35fe4bbf8416","parentUid":"db415783df655511e77d4d50b15181d8","status":"passed","time":{"start":1732086538429,"stop":1732086539008,"duration":579},"flaky":false,"newFailed":false,"newPassed":false,"newBroken":false,"retriesCount":0,"retriesStatusChange":false,"parameters":["chrome","admin","admin"],"tags":[]},{"name":"verifyShiftingContent","uid":"106c257faf353856","parentUid":"db415783df655511e77d4d50b15181d8","status":"passed","time":{"start":1732086543827,"stop":1732086548401,"duration":4574},"flaky":false,"newFailed":false,"newPassed":false,"newBroken":false,"retriesCount":0,"retriesStatusChange":false,"parameters":["chrome","admin","admin"],"tags":[]},{"name":"verifySlowResources","uid":"7d01a2f542e2f80","parentUid":"db415783df655511e77d4d50b15181d8","status":"broken","time":{"start":1732086553089,"stop":1732086553599,"duration":510},"flaky":false,"newFailed":false,"newPassed":false,"newBroken":false,"retriesCount":0,"retriesStatusChange":false,"parameters":["chrome","admin","admin"],"tags":[]},{"name":"verifySortableDataTables","uid":"c62ddab8aedf7070","parentUid":"db415783df655511e77d4d50b15181d8","status":"passed","time":{"start":1732086559051,"stop":1732086564750,"duration":5699},"flaky":false,"newFailed":false,"newPassed":false,"newBroken":false,"retriesCount":0,"retriesStatusChange":false,"parameters":["chrome","admin","admin"],"tags":[]},{"name":"verifyStatusCodes","uid":"91cfe37f4464a01e","parentUid":"db415783df655511e77d4d50b15181d8","status":"passed","time":{"start":1732086569840,"stop":1732086576288,"duration":6448},"flaky":false,"newFailed":false,"newPassed":false,"newBroken":false,"retriesCount":0,"retriesStatusChange":false,"parameters":["chrome","admin","admin"],"tags":[]}],"uid":"db415783df655511e77d4d50b15181d8"}],"uid":"cfc8e8fdd97a2be9c902f7e7586bd330"}]}