"Status","Start Time","Stop Time","Duration in ms","Parent Suite","Suite","Sub Suite","Test Class","Test Method","Name","Description"
"passed","Wed Nov 20 12:37:17 IST 2024","Wed Nov 20 12:37:17 IST 2024","783","Parallel Suite","Parallel Testing running","testCases.FirstTest","testCases.FirstTest","verifyCheckBoxes","verifyCheckBoxes",""
"passed","Wed Nov 20 12:39:19 IST 2024","Wed Nov 20 12:39:24 IST 2024","5699","Parallel Suite","Parallel Testing running","testCases.SecondTest","testCases.SecondTest","verifySortableDataTables","verifySortableDataTables",""
"passed","Wed Nov 20 12:36:05 IST 2024","Wed Nov 20 12:36:06 IST 2024","996","Parallel Suite","Parallel Testing running","testCases.SecondTest","testCases.SecondTest","verifyInputs","verifyInputs",""
"passed","Wed Nov 20 12:39:53 IST 2024","Wed Nov 20 12:39:55 IST 2024","1457","Parallel Suite","Parallel Testing running","testCases.FirstTest","testCases.FirstTest","verifyFloatingMenu","verifyFloatingMenu",""
"passed","Wed Nov 20 12:40:06 IST 2024","Wed Nov 20 12:40:08 IST 2024","2068","Parallel Suite","Parallel Testing running","testCases.FirstTest","testCases.FirstTest","verifyFormAuthentication","verifyFormAuthentication",""
"passed","Wed Nov 20 12:35:19 IST 2024","Wed Nov 20 12:35:21 IST 2024","1281","Parallel Suite","Parallel Testing running","testCases.SecondTest","testCases.SecondTest","verifyGeoLocation","verifyGeoLocation",""
"passed","Wed Nov 20 12:36:35 IST 2024","Wed Nov 20 12:36:36 IST 2024","816","Parallel Suite","Parallel Testing running","testCases.SecondTest","testCases.SecondTest","verifyJavaScriptOnloadEventError","verifyJavaScriptOnloadEventError",""
"broken","Wed Nov 20 12:39:13 IST 2024","Wed Nov 20 12:39:13 IST 2024","510","Parallel Suite","Parallel Testing running","testCases.SecondTest","testCases.SecondTest","verifySlowResources","verifySlowResources",""
"passed","Wed Nov 20 12:37:44 IST 2024","Wed Nov 20 12:37:45 IST 2024","1020","Parallel Suite","Parallel Testing running","testCases.FirstTest","testCases.FirstTest","verifyDropdown","verifyDropdown",""
"passed","Wed Nov 20 12:39:03 IST 2024","Wed Nov 20 12:39:08 IST 2024","4574","Parallel Suite","Parallel Testing running","testCases.SecondTest","testCases.SecondTest","verifyShiftingContent","verifyShiftingContent",""
"passed","Wed Nov 20 12:37:50 IST 2024","Wed Nov 20 12:37:52 IST 2024","2045","Parallel Suite","Parallel Testing running","testCases.FirstTest","testCases.FirstTest","verifyDynamicContent","verifyDynamicContent",""
"broken","Wed Nov 20 12:37:22 IST 2024","Wed Nov 20 12:38:52 IST 2024","90630","Parallel Suite","Parallel Testing running","testCases.SecondTest","testCases.SecondTest","verifySecureFileDownload","verifySecureFileDownload",""
"passed","Wed Nov 20 12:36:47 IST 2024","Wed Nov 20 12:36:47 IST 2024","758","Parallel Suite","Parallel Testing running","testCases.SecondTest","testCases.SecondTest","verifyLargeAndDeepDom","verifyLargeAndDeepDom",""
"passed","Wed Nov 20 12:38:58 IST 2024","Wed Nov 20 12:38:59 IST 2024","579","Parallel Suite","Parallel Testing running","testCases.SecondTest","testCases.SecondTest","verifyShadowDom","verifyShadowDom",""
"passed","Wed Nov 20 12:40:12 IST 2024","Wed Nov 20 12:40:19 IST 2024","6050","Parallel Suite","Parallel Testing running","testCases.FirstTest","testCases.FirstTest","verifyFrames","verifyFrames",""
"passed","Wed Nov 20 12:40:00 IST 2024","Wed Nov 20 12:40:01 IST 2024","1355","Parallel Suite","Parallel Testing running","testCases.FirstTest","testCases.FirstTest","verifyForgotPassword","verifyForgotPassword",""
"passed","Wed Nov 20 12:37:10 IST 2024","Wed Nov 20 12:37:11 IST 2024","1343","Parallel Suite","Parallel Testing running","testCases.FirstTest","testCases.FirstTest","verifyChallengingDom","verifyChallengingDom",""
"passed","Wed Nov 20 12:37:03 IST 2024","Wed Nov 20 12:37:10 IST 2024","6812","Parallel Suite","Parallel Testing running","testCases.SecondTest","testCases.SecondTest","verifyNotificationMessage","verifyNotificationMessage",""
"passed","Wed Nov 20 12:36:41 IST 2024","Wed Nov 20 12:36:41 IST 2024","648","Parallel Suite","Parallel Testing running","testCases.SecondTest","testCases.SecondTest","verifyKeyPresses","verifyKeyPresses",""
"broken","Wed Nov 20 12:35:52 IST 2024","Wed Nov 20 12:36:55 IST 2024","62921","Parallel Suite","Parallel Testing running","testCases.FirstTest","testCases.FirstTest","verifyBasicAuthenticationVerify","verifyBasicAuthenticationVerify",""
"passed","Wed Nov 20 12:36:52 IST 2024","Wed Nov 20 12:36:53 IST 2024","1040","Parallel Suite","Parallel Testing running","testCases.SecondTest","testCases.SecondTest","verifyMultipleWindows","verifyMultipleWindows",""
"passed","Wed Nov 20 12:38:17 IST 2024","Wed Nov 20 12:38:18 IST 2024","1325","Parallel Suite","Parallel Testing running","testCases.FirstTest","testCases.FirstTest","verifyEntryAd","verifyEntryAd",""
"passed","Wed Nov 20 12:37:38 IST 2024","Wed Nov 20 12:37:39 IST 2024","880","Parallel Suite","Parallel Testing running","testCases.FirstTest","testCases.FirstTest","verifyDragAndDrop","verifyDragAndDrop",""
"passed","Wed Nov 20 12:37:29 IST 2024","Wed Nov 20 12:37:31 IST 2024","1289","Parallel Suite","Parallel Testing running","testCases.FirstTest","testCases.FirstTest","verifyDisappearingElements","verifyDisappearingElements",""
"passed","Wed Nov 20 12:36:12 IST 2024","Wed Nov 20 12:36:17 IST 2024","5116","Parallel Suite","Parallel Testing running","testCases.SecondTest","testCases.SecondTest","verifyJQueryMenus","verifyJQueryMenus",""
"passed","Wed Nov 20 12:39:29 IST 2024","Wed Nov 20 12:39:36 IST 2024","6448","Parallel Suite","Parallel Testing running","testCases.SecondTest","testCases.SecondTest","verifyStatusCodes","verifyStatusCodes",""
"passed","Wed Nov 20 12:35:36 IST 2024","Wed Nov 20 12:35:37 IST 2024","1484","Parallel Suite","Parallel Testing running","testCases.SecondTest","testCases.SecondTest","verifyHover","verifyHover",""
"passed","Wed Nov 20 12:37:23 IST 2024","Wed Nov 20 12:37:24 IST 2024","866","Parallel Suite","Parallel Testing running","testCases.FirstTest","testCases.FirstTest","verifyContextMenu","verifyContextMenu",""
"passed","Wed Nov 20 12:39:46 IST 2024","Wed Nov 20 12:39:49 IST 2024","2744","Parallel Suite","Parallel Testing running","testCases.FirstTest","testCases.FirstTest","verifyFileUpload","verifyFileUpload",""
"passed","Wed Nov 20 12:35:18 IST 2024","Wed Nov 20 12:35:49 IST 2024","31161","Parallel Suite","Parallel Testing running","testCases.FirstTest","testCases.FirstTest","verifyAddDeleteElementFunctionalities","verifyAddDeleteElementFunctionalities",""
"passed","Wed Nov 20 12:36:56 IST 2024","Wed Nov 20 12:37:00 IST 2024","3311","Parallel Suite","Parallel Testing running","testCases.SecondTest","testCases.SecondTest","verifyNestedFrames","verifyNestedFrames",""
"broken","Wed Nov 20 12:38:23 IST 2024","Wed Nov 20 12:38:29 IST 2024","6018","Parallel Suite","Parallel Testing running","testCases.FirstTest","testCases.FirstTest","verifyExitIntent","verifyExitIntent",""
"passed","Wed Nov 20 12:35:27 IST 2024","Wed Nov 20 12:35:28 IST 2024","968","Parallel Suite","Parallel Testing running","testCases.SecondTest","testCases.SecondTest","verifyHorizontalSlider","verifyHorizontalSlider",""
"passed","Wed Nov 20 12:35:43 IST 2024","Wed Nov 20 12:35:59 IST 2024","15837","Parallel Suite","Parallel Testing running","testCases.SecondTest","testCases.SecondTest","verifyInfiniteScroll","verifyInfiniteScroll",""
"passed","Wed Nov 20 12:37:57 IST 2024","Wed Nov 20 12:38:12 IST 2024","14599","Parallel Suite","Parallel Testing running","testCases.FirstTest","testCases.FirstTest","verifyDynamicControlsButton","verifyDynamicControlsButton",""
"passed","Wed Nov 20 12:36:27 IST 2024","Wed Nov 20 12:36:29 IST 2024","2010","Parallel Suite","Parallel Testing running","testCases.SecondTest","testCases.SecondTest","verifyJavaScriptAlerts","verifyJavaScriptAlerts",""
"passed","Wed Nov 20 12:37:13 IST 2024","Wed Nov 20 12:37:17 IST 2024","3255","Parallel Suite","Parallel Testing running","testCases.SecondTest","testCases.SecondTest","verifyRedirectLink","verifyRedirectLink",""
"broken","Wed Nov 20 12:38:34 IST 2024","Wed Nov 20 12:39:41 IST 2024","66220","Parallel Suite","Parallel Testing running","testCases.FirstTest","testCases.FirstTest","verifyFileDownload","verifyFileDownload",""
"passed","Wed Nov 20 12:37:01 IST 2024","Wed Nov 20 12:37:05 IST 2024","3539","Parallel Suite","Parallel Testing running","testCases.FirstTest","testCases.FirstTest","verifyBrokenImages","verifyBrokenImages",""
