{"5c50e4e0163380cd72d0b4c4cb031f16":{"statistic":{"failed":0,"broken":0,"skipped":0,"passed":1,"unknown":0,"total":1},"items":[{"uid":"9a0623845f01d6f9","status":"passed","time":{"start":1732086387564,"stop":1732086389574,"duration":2010}}]},"7937c67ebcecc8a77057ffdf4862551c":{"statistic":{"failed":0,"broken":0,"skipped":0,"passed":1,"unknown":0,"total":1},"items":[{"uid":"94e4b5917eadb815","status":"passed","time":{"start":1732086336328,"stop":1732086337812,"duration":1484}}]},"cf7a566413019fc812f4336654821825":{"statistic":{"failed":0,"broken":0,"skipped":0,"passed":1,"unknown":0,"total":1},"items":[{"uid":"e2ec3d4973ba6d95","status":"passed","time":{"start":1732086430281,"stop":1732086431624,"duration":1343}}]},"a54b004c72ab8a611aac61c1c0c8222":{"statistic":{"failed":0,"broken":0,"skipped":0,"passed":1,"unknown":0,"total":1},"items":[{"uid":"c0b726a307c8085b","status":"passed","time":{"start":1732086593972,"stop":1732086595429,"duration":1457}}]},"b583101852a2d00dfdb9b144ca738447":{"statistic":{"failed":0,"broken":0,"skipped":0,"passed":1,"unknown":0,"total":1},"items":[{"uid":"c62ddab8aedf7070","status":"passed","time":{"start":1732086559051,"stop":1732086564750,"duration":5699}}]},"8cb6cdfdb0cb13325b6ac40c797990bf":{"statistic":{"failed":0,"broken":1,"skipped":0,"passed":0,"unknown":0,"total":1},"items":[{"uid":"7d01a2f542e2f80","status":"broken","statusDetails":"no protocol: java.util.stream.ReferencePipeline$2@7871f4b9","time":{"start":1732086553089,"stop":1732086553599,"duration":510}}]},"506d5175aa98ebc6170bf06bc89475fc":{"statistic":{"failed":0,"broken":0,"skipped":0,"passed":1,"unknown":0,"total":1},"items":[{"uid":"34d8ee2f2a14e6c","status":"passed","time":{"start":1732086600134,"stop":1732086601489,"duration":1355}}]},"675c5093cc7afd6a64f5ffb3192fc239":{"statistic":{"failed":0,"broken":0,"skipped":0,"passed":1,"unknown":0,"total":1},"items":[{"uid":"cfb4b19c08d7b021","status":"passed","time":{"start":1732086464211,"stop":1732086465231,"duration":1020}}]},"2c71f58a92be451d0447a81a350b6785":{"statistic":{"failed":0,"broken":0,"skipped":0,"passed":1,"unknown":0,"total":1},"items":[{"uid":"dfb42686c1e1f6b8","status":"passed","time":{"start":1732086407128,"stop":1732086407886,"duration":758}}]},"d16b82c0ceb8183988ad7fea7b201b6f":{"statistic":{"failed":0,"broken":0,"skipped":0,"passed":1,"unknown":0,"total":1},"items":[{"uid":"106c257faf353856","status":"passed","time":{"start":1732086543827,"stop":1732086548401,"duration":4574}}]},"527ea045353130730a338117477a7603":{"statistic":{"failed":0,"broken":0,"skipped":0,"passed":1,"unknown":0,"total":1},"items":[{"uid":"9e3d5486652a380e","status":"passed","time":{"start":1732086612978,"stop":1732086619028,"duration":6050}}]},"4783de302e36fcbe835a0366eedde018":{"statistic":{"failed":0,"broken":0,"skipped":0,"passed":1,"unknown":0,"total":1},"items":[{"uid":"22cc2de9c9ea09d0","status":"passed","time":{"start":1732086372288,"stop":1732086377404,"duration":5116}}]},"9848f1f6c465704a017a9ac2d1e5473c":{"statistic":{"failed":0,"broken":0,"skipped":0,"passed":1,"unknown":0,"total":1},"items":[{"uid":"bbc83da0171e302a","status":"passed","time":{"start":1732086477818,"stop":1732086492417,"duration":14599}}]},"db82ad0437e60a6724aee38f071a9ccc":{"statistic":{"failed":0,"broken":0,"skipped":0,"passed":1,"unknown":0,"total":1},"items":[{"uid":"135a4fa087b6254","status":"passed","time":{"start":1732086443870,"stop":1732086444736,"duration":866}}]},"5a59f2b4a6f6b68a9df5dda6c931f5f4":{"statistic":{"failed":0,"broken":0,"skipped":0,"passed":1,"unknown":0,"total":1},"items":[{"uid":"85cdd4152727eb0a","status":"passed","time":{"start":1732086319761,"stop":1732086321042,"duration":1281}}]},"d477a977579daf1488b77d6499258ede":{"statistic":{"failed":0,"broken":0,"skipped":0,"passed":1,"unknown":0,"total":1},"items":[{"uid":"268f540d2424fa39","status":"passed","time":{"start":1732086401348,"stop":1732086401996,"duration":648}}]},"9def84f0fc185de0de11e680072184eb":{"statistic":{"failed":0,"broken":0,"skipped":0,"passed":1,"unknown":0,"total":1},"items":[{"uid":"d4411f11c3e74935","status":"passed","time":{"start":1732086327814,"stop":1732086328782,"duration":968}}]},"adbfcc17791133b2be95046565c17cad":{"statistic":{"failed":0,"broken":0,"skipped":0,"passed":1,"unknown":0,"total":1},"items":[{"uid":"b32a35fe4bbf8416","status":"passed","time":{"start":1732086538429,"stop":1732086539008,"duration":579}}]},"2374c1cf37e71f25e88b172ff09cb727":{"statistic":{"failed":0,"broken":1,"skipped":0,"passed":0,"unknown":0,"total":1},"items":[{"uid":"c46b5430bcdae178","status":"broken","statusDetails":"Expected condition failed: waiting for visibility of Proxy element for: DefaultElementLocator 'By.cssSelector: #uploaded-files' (tried for 5 second(s) with 500 milliseconds interval)","time":{"start":1732086514949,"stop":1732086581169,"duration":66220}}]},"438ee84decfa31920563a40e4ad68584":{"statistic":{"failed":0,"broken":0,"skipped":0,"passed":1,"unknown":0,"total":1},"items":[{"uid":"b9c510f4434dc786","status":"passed","time":{"start":1732086318326,"stop":1732086349487,"duration":31161}}]},"4930a3c4336d91165a446656418abffa":{"statistic":{"failed":0,"broken":0,"skipped":0,"passed":1,"unknown":0,"total":1},"items":[{"uid":"5f723a55f243ab8c","status":"passed","time":{"start":1732086586545,"stop":1732086589289,"duration":2744}}]},"125797710481cb490472c348f34771c7":{"statistic":{"failed":0,"broken":0,"skipped":0,"passed":1,"unknown":0,"total":1},"items":[{"uid":"a12eae8d1dbffe17","status":"passed","time":{"start":1732086458434,"stop":1732086459314,"duration":880}}]},"a9cc9a8bf0e345875245c87fbddedd9a":{"statistic":{"failed":0,"broken":0,"skipped":0,"passed":1,"unknown":0,"total":1},"items":[{"uid":"78d7e6acb1de84ab","status":"passed","time":{"start":1732086395262,"stop":1732086396078,"duration":816}}]},"9b0d1901b6135b5f99ff893692ea3717":{"statistic":{"failed":0,"broken":0,"skipped":0,"passed":1,"unknown":0,"total":1},"items":[{"uid":"e0cbd2df4ff1fcf3","status":"passed","time":{"start":1732086606228,"stop":1732086608296,"duration":2068}}]},"cdbd73d533a421b49548158124489d65":{"statistic":{"failed":0,"broken":0,"skipped":0,"passed":1,"unknown":0,"total":1},"items":[{"uid":"bf4b2e8ba1d461b8","status":"passed","time":{"start":1732086433964,"stop":1732086437219,"duration":3255}}]},"abcb2f0786a3a8712b52a5e550f3234b":{"statistic":{"failed":0,"broken":0,"skipped":0,"passed":1,"unknown":0,"total":1},"items":[{"uid":"ab45e35e634335f5","status":"passed","time":{"start":1732086421598,"stop":1732086425137,"duration":3539}}]},"391325351b3f956703da3c4cfd107fef":{"statistic":{"failed":0,"broken":0,"skipped":0,"passed":1,"unknown":0,"total":1},"items":[{"uid":"4846d00af7c15b4","status":"passed","time":{"start":1732086437102,"stop":1732086437885,"duration":783}}]},"b88c4eba209e34c521bba24f4e830719":{"statistic":{"failed":0,"broken":0,"skipped":0,"passed":1,"unknown":0,"total":1},"items":[{"uid":"a1f015363ba28cca","status":"passed","time":{"start":1732086470509,"stop":1732086472554,"duration":2045}}]},"1ad8a780323965f2406098ab035aed3":{"statistic":{"failed":0,"broken":0,"skipped":0,"passed":1,"unknown":0,"total":1},"items":[{"uid":"91cfe37f4464a01e","status":"passed","time":{"start":1732086569840,"stop":1732086576288,"duration":6448}}]},"4cafda28133cb866899411a1ba4b0f58":{"statistic":{"failed":0,"broken":0,"skipped":0,"passed":1,"unknown":0,"total":1},"items":[{"uid":"8e1299153b473c7f","status":"passed","time":{"start":1732086416772,"stop":1732086420083,"duration":3311}}]},"a5dedde8b305f4a3c8b06c21bacd5393":{"statistic":{"failed":0,"broken":0,"skipped":0,"passed":1,"unknown":0,"total":1},"items":[{"uid":"c22d306c1ef27f0a","status":"passed","time":{"start":1732086449785,"stop":1732086451074,"duration":1289}}]},"e4c7bb405d2bc107174240fc109bbede":{"statistic":{"failed":0,"broken":0,"skipped":0,"passed":1,"unknown":0,"total":1},"items":[{"uid":"13d5cae23e89050c","status":"passed","time":{"start":1732086423846,"stop":1732086430658,"duration":6812}}]},"4069981f8f83b827c2b24390e816cc8a":{"statistic":{"failed":0,"broken":0,"skipped":0,"passed":1,"unknown":0,"total":1},"items":[{"uid":"e18486c9a58d733d","status":"passed","time":{"start":1732086365420,"stop":1732086366416,"duration":996}}]},"1b26a8fc790475ed5a3046f8adb5f70e":{"statistic":{"failed":0,"broken":1,"skipped":0,"passed":0,"unknown":0,"total":1},"items":[{"uid":"894e71c3161f7c5b","status":"broken","statusDetails":"Expected condition failed: waiting for visibility of all [] (tried for 5 second(s) with 500 milliseconds interval)\nBuild info: version: '4.25.0', revision: '8a8aea2337'\nSystem info: os.name: 'Windows 10', os.arch: 'amd64', os.version: '10.0', java.version: '17.0.11'\nDriver info: org.openqa.selenium.chrome.ChromeDriver\nCapabilities {acceptInsecureCerts: false, browserName: chrome, browserVersion: 131.0.6778.70, chrome: {chromedriverVersion: 131.0.6778.85 (3d81e41b6f3a..., userDataDir: C:\\Users\\AYYAPP~1.DC\\AppDat...}, fedcm:accounts: true, goog:chromeOptions: {debuggerAddress: localhost:64086}, networkConnectionEnabled: false, pageLoadStrategy: normal, platformName: windows, proxy: Proxy(), se:cdp: ws://localhost:64086/devtoo..., se:cdpVersion: 131.0.6778.70, setWindowRect: true, strictFileInteractability: false, timeouts: {implicit: 0, pageLoad: 300000, script: 30000}, unhandledPromptBehavior: dismiss and notify, webauthn:extension:credBlob: true, webauthn:extension:largeBlob: true, webauthn:extension:minPinLength: true, webauthn:extension:prf: true, webauthn:virtualAuthenticators: true}\nSession ID: 7a55933ce33e3380bccd55b2ff911b48","time":{"start":1732086442316,"stop":1732086532946,"duration":90630}}]},"f5f62964280967eac1e632b6d42badeb":{"statistic":{"failed":0,"broken":0,"skipped":0,"passed":1,"unknown":0,"total":1},"items":[{"uid":"e2a5965490e97c18","status":"passed","time":{"start":1732086412761,"stop":1732086413801,"duration":1040}}]},"dbcfb6766716971536c62e7ef9583494":{"statistic":{"failed":0,"broken":0,"skipped":0,"passed":1,"unknown":0,"total":1},"items":[{"uid":"aa2c2c21656d4db6","status":"passed","time":{"start":1732086343638,"stop":1732086359475,"duration":15837}}]},"575f677408945d68e66cbbf10237d9ed":{"statistic":{"failed":0,"broken":0,"skipped":0,"passed":1,"unknown":0,"total":1},"items":[{"uid":"d9caae8556bfe825","status":"passed","time":{"start":1732086497348,"stop":1732086498673,"duration":1325}}]},"4a4558625bf3c25eaf51a24c0eaf26e8":{"statistic":{"failed":0,"broken":1,"skipped":0,"passed":0,"unknown":0,"total":1},"items":[{"uid":"b79e5a8eb0d84d70","status":"broken","statusDetails":"Expected condition failed: waiting for visibility of Proxy element for: DefaultElementLocator 'By.cssSelector: div p' (tried for 5 second(s) with 500 milliseconds interval)","time":{"start":1732086352532,"stop":1732086415453,"duration":62921}}]},"dbfa94459967145c1cb31a80c399cefd":{"statistic":{"failed":0,"broken":1,"skipped":0,"passed":0,"unknown":0,"total":1},"items":[{"uid":"506b988928652350","status":"broken","statusDetails":"Expected condition failed: waiting for visibility of [[ChromeDriver: chrome on windows (35399d703cf6c8b2d15549662628cadd)] -> xpath: //div[@class='modal-title']] (tried for 5 second(s) with 500 milliseconds interval)\nBuild info: version: '4.25.0', revision: '8a8aea2337'\nSystem info: os.name: 'Windows 10', os.arch: 'amd64', os.version: '10.0', java.version: '17.0.11'\nDriver info: org.openqa.selenium.chrome.ChromeDriver\nCapabilities {acceptInsecureCerts: false, browserName: chrome, browserVersion: 131.0.6778.70, chrome: {chromedriverVersion: 131.0.6778.85 (3d81e41b6f3a..., userDataDir: C:\\Users\\AYYAPP~1.DC\\AppDat...}, fedcm:accounts: true, goog:chromeOptions: {debuggerAddress: localhost:64282}, networkConnectionEnabled: false, pageLoadStrategy: normal, platformName: windows, proxy: Proxy(), se:cdp: ws://localhost:64282/devtoo..., se:cdpVersion: 131.0.6778.70, setWindowRect: true, strictFileInteractability: false, timeouts: {implicit: 0, pageLoad: 300000, script: 30000}, unhandledPromptBehavior: dismiss and notify, webauthn:extension:credBlob: true, webauthn:extension:largeBlob: true, webauthn:extension:minPinLength: true, webauthn:extension:prf: true, webauthn:virtualAuthenticators: true}\nSession ID: 35399d703cf6c8b2d15549662628cadd","time":{"start":1732086503592,"stop":1732086509610,"duration":6018}}]}}