[{"uid":"4846d00af7c15b4","name":"verifyCheckBoxes","time":{"start":1732086437102,"stop":1732086437885,"duration":783},"status":"passed","severity":"normal"},{"uid":"c62ddab8aedf7070","name":"verifySortableDataTables","time":{"start":1732086559051,"stop":1732086564750,"duration":5699},"status":"passed","severity":"normal"},{"uid":"e18486c9a58d733d","name":"verifyInputs","time":{"start":1732086365420,"stop":1732086366416,"duration":996},"status":"passed","severity":"normal"},{"uid":"c0b726a307c8085b","name":"verifyFloatingMenu","time":{"start":1732086593972,"stop":1732086595429,"duration":1457},"status":"passed","severity":"normal"},{"uid":"e0cbd2df4ff1fcf3","name":"verifyFormAuthentication","time":{"start":1732086606228,"stop":1732086608296,"duration":2068},"status":"passed","severity":"normal"},{"uid":"85cdd4152727eb0a","name":"verifyGeoLocation","time":{"start":1732086319761,"stop":1732086321042,"duration":1281},"status":"passed","severity":"normal"},{"uid":"78d7e6acb1de84ab","name":"verifyJavaScriptOnloadEventError","time":{"start":1732086395262,"stop":1732086396078,"duration":816},"status":"passed","severity":"normal"},{"uid":"7d01a2f542e2f80","name":"verifySlowResources","time":{"start":1732086553089,"stop":1732086553599,"duration":510},"status":"broken","severity":"normal"},{"uid":"cfb4b19c08d7b021","name":"verifyDropdown","time":{"start":1732086464211,"stop":1732086465231,"duration":1020},"status":"passed","severity":"normal"},{"uid":"106c257faf353856","name":"verifyShiftingContent","time":{"start":1732086543827,"stop":1732086548401,"duration":4574},"status":"passed","severity":"normal"},{"uid":"a1f015363ba28cca","name":"verifyDynamicContent","time":{"start":1732086470509,"stop":1732086472554,"duration":2045},"status":"passed","severity":"normal"},{"uid":"894e71c3161f7c5b","name":"verifySecureFileDownload","time":{"start":1732086442316,"stop":1732086532946,"duration":90630},"status":"broken","severity":"normal"},{"uid":"dfb42686c1e1f6b8","name":"verifyLargeAndDeepDom","time":{"start":1732086407128,"stop":1732086407886,"duration":758},"status":"passed","severity":"normal"},{"uid":"b32a35fe4bbf8416","name":"verifyShadowDom","time":{"start":1732086538429,"stop":1732086539008,"duration":579},"status":"passed","severity":"normal"},{"uid":"9e3d5486652a380e","name":"verifyFrames","time":{"start":1732086612978,"stop":1732086619028,"duration":6050},"status":"passed","severity":"normal"},{"uid":"34d8ee2f2a14e6c","name":"verifyForgotPassword","time":{"start":1732086600134,"stop":1732086601489,"duration":1355},"status":"passed","severity":"normal"},{"uid":"e2ec3d4973ba6d95","name":"verifyChallengingDom","time":{"start":1732086430281,"stop":1732086431624,"duration":1343},"status":"passed","severity":"normal"},{"uid":"13d5cae23e89050c","name":"verifyNotificationMessage","time":{"start":1732086423846,"stop":1732086430658,"duration":6812},"status":"passed","severity":"normal"},{"uid":"268f540d2424fa39","name":"verifyKeyPresses","time":{"start":1732086401348,"stop":1732086401996,"duration":648},"status":"passed","severity":"normal"},{"uid":"b79e5a8eb0d84d70","name":"verifyBasicAuthenticationVerify","time":{"start":1732086352532,"stop":1732086415453,"duration":62921},"status":"broken","severity":"normal"},{"uid":"e2a5965490e97c18","name":"verifyMultipleWindows","time":{"start":1732086412761,"stop":1732086413801,"duration":1040},"status":"passed","severity":"normal"},{"uid":"d9caae8556bfe825","name":"verifyEntryAd","time":{"start":1732086497348,"stop":1732086498673,"duration":1325},"status":"passed","severity":"normal"},{"uid":"a12eae8d1dbffe17","name":"verifyDragAndDrop","time":{"start":1732086458434,"stop":1732086459314,"duration":880},"status":"passed","severity":"normal"},{"uid":"c22d306c1ef27f0a","name":"verifyDisappearingElements","time":{"start":1732086449785,"stop":1732086451074,"duration":1289},"status":"passed","severity":"normal"},{"uid":"22cc2de9c9ea09d0","name":"verifyJQueryMenus","time":{"start":1732086372288,"stop":1732086377404,"duration":5116},"status":"passed","severity":"normal"},{"uid":"91cfe37f4464a01e","name":"verifyStatusCodes","time":{"start":1732086569840,"stop":1732086576288,"duration":6448},"status":"passed","severity":"normal"},{"uid":"94e4b5917eadb815","name":"verifyHover","time":{"start":1732086336328,"stop":1732086337812,"duration":1484},"status":"passed","severity":"normal"},{"uid":"135a4fa087b6254","name":"verifyContextMenu","time":{"start":1732086443870,"stop":1732086444736,"duration":866},"status":"passed","severity":"normal"},{"uid":"5f723a55f243ab8c","name":"verifyFileUpload","time":{"start":1732086586545,"stop":1732086589289,"duration":2744},"status":"passed","severity":"normal"},{"uid":"b9c510f4434dc786","name":"verifyAddDeleteElementFunctionalities","time":{"start":1732086318326,"stop":1732086349487,"duration":31161},"status":"passed","severity":"normal"},{"uid":"8e1299153b473c7f","name":"verifyNestedFrames","time":{"start":1732086416772,"stop":1732086420083,"duration":3311},"status":"passed","severity":"normal"},{"uid":"506b988928652350","name":"verifyExitIntent","time":{"start":1732086503592,"stop":1732086509610,"duration":6018},"status":"broken","severity":"normal"},{"uid":"d4411f11c3e74935","name":"verifyHorizontalSlider","time":{"start":1732086327814,"stop":1732086328782,"duration":968},"status":"passed","severity":"normal"},{"uid":"aa2c2c21656d4db6","name":"verifyInfiniteScroll","time":{"start":1732086343638,"stop":1732086359475,"duration":15837},"status":"passed","severity":"normal"},{"uid":"bbc83da0171e302a","name":"verifyDynamicControlsButton","time":{"start":1732086477818,"stop":1732086492417,"duration":14599},"status":"passed","severity":"normal"},{"uid":"9a0623845f01d6f9","name":"verifyJavaScriptAlerts","time":{"start":1732086387564,"stop":1732086389574,"duration":2010},"status":"passed","severity":"normal"},{"uid":"bf4b2e8ba1d461b8","name":"verifyRedirectLink","time":{"start":1732086433964,"stop":1732086437219,"duration":3255},"status":"passed","severity":"normal"},{"uid":"c46b5430bcdae178","name":"verifyFileDownload","time":{"start":1732086514949,"stop":1732086581169,"duration":66220},"status":"broken","severity":"normal"},{"uid":"ab45e35e634335f5","name":"verifyBrokenImages","time":{"start":1732086421598,"stop":1732086425137,"duration":3539},"status":"passed","severity":"normal"}]